idx,categoria,Día,fecha,Prediccion_SARIMAX,Test_Real,pred_redondeo_abajo,pred_redondeo_arriba,pred_redondeo_cercano
0,agro_industry_and_commerce,1,2018-08-12,0.8790292998764847,0.0,0.0,1.0,1.0
0,agro_industry_and_commerce,2,2018-08-13,0.8790292998764847,0.0,0.0,1.0,1.0
0,agro_industry_and_commerce,3,2018-08-14,0.8790292998764847,0.0,0.0,1.0,1.0
0,agro_industry_and_commerce,4,2018-08-15,0.8790292998764847,0.0,0.0,1.0,1.0
0,agro_industry_and_commerce,5,2018-08-16,0.8790292998764847,0.0,0.0,1.0,1.0
0,agro_industry_and_commerce,6,2018-08-17,0.8790292998764847,0.0,0.0,1.0,1.0
0,agro_industry_and_commerce,7,2018-08-18,0.8790292998764847,1.0,0.0,1.0,1.0
0,agro_industry_and_commerce,8,2018-08-19,0.8790292998764847,0.0,0.0,1.0,1.0
0,agro_industry_and_commerce,9,2018-08-20,0.8790292998764847,3.0,0.0,1.0,1.0
0,agro_industry_and_commerce,10,2018-08-21,0.8790292998764847,0.0,0.0,1.0,1.0
0,agro_industry_and_commerce,11,2018-08-22,0.8790292998764847,0.0,0.0,1.0,1.0
0,agro_industry_and_commerce,12,2018-08-23,0.8790292998764847,0.0,0.0,1.0,1.0
0,agro_industry_and_commerce,13,2018-08-24,0.8790292998764847,1.0,0.0,1.0,1.0
0,agro_industry_and_commerce,14,2018-08-25,0.8790292998764847,1.0,0.0,1.0,1.0
0,agro_industry_and_commerce,15,2018-08-26,0.8790292998764847,1.0,0.0,1.0,1.0
1,air_conditioning,1,2018-08-11,0.7875098536301348,0.0,0.0,1.0,1.0
1,air_conditioning,2,2018-08-12,0.5579764701640765,0.0,0.0,1.0,1.0
1,air_conditioning,3,2018-08-13,0.637997616853715,0.0,0.0,1.0,1.0
1,air_conditioning,4,2018-08-14,0.6687192723491246,0.0,0.0,1.0,1.0
1,air_conditioning,5,2018-08-15,0.5738875324132955,0.0,0.0,1.0,1.0
1,air_conditioning,6,2018-08-16,0.6351391153078331,0.0,0.0,1.0,1.0
1,air_conditioning,7,2018-08-17,0.637167281340004,4.0,0.0,1.0,1.0
1,air_conditioning,8,2018-08-18,0.6162433241680819,0.0,0.0,1.0,1.0
1,air_conditioning,9,2018-08-19,0.6205391416877069,0.0,0.0,1.0,1.0
1,air_conditioning,10,2018-08-20,0.6258288695394275,0.0,0.0,1.0,1.0
1,air_conditioning,11,2018-08-21,0.6180111570275003,3.0,0.0,1.0,1.0
1,air_conditioning,12,2018-08-22,0.6210781813058802,1.0,0.0,1.0,1.0
1,air_conditioning,13,2018-08-23,0.6224188791310156,0.0,0.0,1.0,1.0
1,air_conditioning,14,2018-08-24,0.6207877486258049,0.0,0.0,1.0,1.0
1,air_conditioning,15,2018-08-25,0.6208409942715027,1.0,0.0,1.0,1.0
2,art,1,2018-08-13,0.8493109408830258,0.0,0.0,1.0,1.0
2,art,2,2018-08-14,0.8586789854551777,1.0,0.0,1.0,1.0
2,art,3,2018-08-15,0.8660115340601866,0.0,0.0,1.0,1.0
2,art,4,2018-08-16,0.8717508608354506,0.0,0.0,1.0,1.0
2,art,5,2018-08-17,0.8762431422518685,1.0,0.0,1.0,1.0
2,art,6,2018-08-18,0.8797593372891105,0.0,0.0,1.0,1.0
2,art,7,2018-08-19,0.8825115307502636,0.0,0.0,1.0,1.0
2,art,8,2018-08-20,0.8846657254884358,0.0,0.0,1.0,1.0
2,art,9,2018-08-21,0.8863518551284738,0.0,0.0,1.0,1.0
2,art,10,2018-08-22,0.8876716212167648,0.0,0.0,1.0,1.0
2,art,11,2018-08-23,0.8887046275090709,0.0,0.0,1.0,1.0
2,art,12,2018-08-24,0.8895131813955597,0.0,0.0,1.0,1.0
2,art,13,2018-08-25,0.8901460520684931,1.0,0.0,1.0,1.0
2,art,14,2018-08-26,0.8906414121123344,0.0,0.0,1.0,1.0
2,art,15,2018-08-27,0.8910291399428834,1.0,0.0,1.0,1.0
3,audio,1,2018-08-14,0.9525076537337347,0.0,0.0,1.0,1.0
3,audio,2,2018-08-15,0.8858539127052638,3.0,0.0,1.0,1.0
3,audio,3,2018-08-16,0.8816126204333667,2.0,0.0,1.0,1.0
3,audio,4,2018-08-17,0.8813427397056223,0.0,0.0,1.0,1.0
3,audio,5,2018-08-18,0.8813255667303735,0.0,0.0,1.0,1.0
3,audio,6,2018-08-19,0.8813244739843988,0.0,0.0,1.0,1.0
3,audio,7,2018-08-20,0.8813244044510915,1.0,0.0,1.0,1.0
3,audio,8,2018-08-21,0.8813244000265674,0.0,0.0,1.0,1.0
3,audio,9,2018-08-22,0.8813243997450273,0.0,0.0,1.0,1.0
3,audio,10,2018-08-23,0.8813243997271124,6.0,0.0,1.0,1.0
3,audio,11,2018-08-24,0.8813243997259724,1.0,0.0,1.0,1.0
3,audio,12,2018-08-25,0.8813243997258999,0.0,0.0,1.0,1.0
3,audio,13,2018-08-26,0.8813243997258953,2.0,0.0,1.0,1.0
3,audio,14,2018-08-27,0.8813243997258949,0.0,0.0,1.0,1.0
3,audio,15,2018-08-28,0.8813243997258949,1.0,0.0,1.0,1.0
4,auto,1,2018-08-14,-3.2936116223665817,2.0,-4.0,-3.0,-3.0
4,auto,2,2018-08-15,0.7833041995691058,-13.0,0.0,1.0,1.0
4,auto,3,2018-08-16,-0.8377788396657212,10.0,-1.0,-0.0,-1.0
4,auto,4,2018-08-17,-1.2481471955617196,-9.0,-2.0,-1.0,-1.0
4,auto,5,2018-08-18,-0.7286229298214354,-2.0,-1.0,-0.0,-1.0
4,auto,6,2018-08-19,-0.3706040633352292,-5.0,-1.0,-0.0,-0.0
4,auto,7,2018-08-20,3.7386693678222422,14.0,3.0,4.0,4.0
4,auto,8,2018-08-21,-0.30688152580401523,-8.0,-1.0,-0.0,-0.0
4,auto,9,2018-08-22,0.5232407844442546,0.0,0.0,1.0,1.0
4,auto,10,2018-08-23,-1.1196991574422903,-3.0,-2.0,-1.0,-1.0
4,auto,11,2018-08-24,-1.1292648749255607,-5.0,-2.0,-1.0,-1.0
4,auto,12,2018-08-25,-1.0744008089771753,1.0,-2.0,-1.0,-1.0
4,auto,13,2018-08-26,-0.5541577681629765,0.0,-1.0,-0.0,-1.0
4,auto,14,2018-08-27,4.272098182175035,0.0,4.0,5.0,4.0
4,auto,15,2018-08-28,-0.48422613871013576,-2.0,-1.0,-0.0,-0.0
5,baby,1,2018-08-14,8.095191449954655,8.0,8.0,9.0,8.0
5,baby,2,2018-08-15,8.369727657838007,4.0,8.0,9.0,8.0
5,baby,3,2018-08-16,8.611800861817411,9.0,8.0,9.0,9.0
5,baby,4,2018-08-17,8.68772686734851,11.0,8.0,9.0,9.0
5,baby,5,2018-08-18,8.725177383262686,3.0,8.0,9.0,9.0
5,baby,6,2018-08-19,8.739848591864034,10.0,8.0,9.0,9.0
5,baby,7,2018-08-20,8.74626982883586,8.0,8.0,9.0,9.0
5,baby,8,2018-08-21,8.748929868196782,10.0,8.0,9.0,9.0
5,baby,9,2018-08-22,8.750061848017577,5.0,8.0,9.0,9.0
5,baby,10,2018-08-23,8.750537221623837,4.0,8.0,9.0,9.0
5,baby,11,2018-08-24,8.750738156904442,2.0,8.0,9.0,9.0
5,baby,12,2018-08-25,8.75082281885707,1.0,8.0,9.0,9.0
5,baby,13,2018-08-26,8.75085854637485,3.0,8.0,9.0,9.0
5,baby,14,2018-08-27,8.750873611819223,2.0,8.0,9.0,9.0
5,baby,15,2018-08-28,8.750879966970675,1.0,8.0,9.0,9.0
6,bed_bath_table,1,2018-08-14,29.906220970378964,32.0,29.0,30.0,30.0
6,bed_bath_table,2,2018-08-15,29.532682296635134,30.0,29.0,30.0,30.0
6,bed_bath_table,3,2018-08-16,28.64194970770079,37.0,28.0,29.0,29.0
6,bed_bath_table,4,2018-08-17,26.026547804021632,25.0,26.0,27.0,26.0
6,bed_bath_table,5,2018-08-18,25.69508080148074,27.0,25.0,26.0,26.0
6,bed_bath_table,6,2018-08-19,26.439450066346538,23.0,26.0,27.0,26.0
6,bed_bath_table,7,2018-08-20,28.23640692538037,25.0,28.0,29.0,28.0
6,bed_bath_table,8,2018-08-21,28.4458400202072,28.0,28.0,29.0,28.0
6,bed_bath_table,9,2018-08-22,28.539748309364455,20.0,28.0,29.0,29.0
6,bed_bath_table,10,2018-08-23,28.029913618425667,12.0,28.0,29.0,28.0
6,bed_bath_table,11,2018-08-24,25.843365724849633,13.0,25.0,26.0,26.0
6,bed_bath_table,12,2018-08-25,25.69399279198997,8.0,25.0,26.0,26.0
6,bed_bath_table,13,2018-08-26,26.489299257627966,4.0,26.0,27.0,26.0
6,bed_bath_table,14,2018-08-27,28.221135827850503,7.0,28.0,29.0,28.0
6,bed_bath_table,15,2018-08-28,28.470351776329252,5.0,28.0,29.0,28.0
7,books_general_interest,1,2018-08-13,1.5641837113388446,4.0,1.0,2.0,2.0
7,books_general_interest,2,2018-08-14,1.2523175304289902,1.0,1.0,2.0,1.0
7,books_general_interest,3,2018-08-15,1.3679190128666503,0.0,1.0,2.0,1.0
7,books_general_interest,4,2018-08-16,1.4078152927107046,0.0,1.0,2.0,1.0
7,books_general_interest,5,2018-08-17,1.399700536061628,0.0,1.0,2.0,1.0
7,books_general_interest,6,2018-08-18,1.3951349740511827,1.0,1.0,2.0,1.0
7,books_general_interest,7,2018-08-19,1.3955622429269583,1.0,1.0,2.0,1.0
7,books_general_interest,8,2018-08-20,1.3960442708594902,1.0,1.0,2.0,1.0
7,books_general_interest,9,2018-08-21,1.3960412625792196,1.0,1.0,2.0,1.0
7,books_general_interest,10,2018-08-22,1.3959937662185704,1.0,1.0,2.0,1.0
7,books_general_interest,11,2018-08-23,1.3959902303640153,1.0,1.0,2.0,1.0
7,books_general_interest,12,2018-08-24,1.3959946013048725,3.0,1.0,2.0,1.0
7,books_general_interest,13,2018-08-25,1.395995300461378,0.0,1.0,2.0,1.0
7,books_general_interest,14,2018-08-26,1.3959949283628037,0.0,1.0,2.0,1.0
7,books_general_interest,15,2018-08-27,1.3959948298125724,1.0,1.0,2.0,1.0
8,books_imported,1,2018-07-24,0.2597194845485199,0.0,0.0,1.0,0.0
8,books_imported,2,2018-07-25,0.27515256600885785,0.0,0.0,1.0,0.0
8,books_imported,3,2018-07-26,0.2856311464651888,0.0,0.0,1.0,0.0
8,books_imported,4,2018-07-27,0.30698717485998867,0.0,0.0,1.0,0.0
8,books_imported,5,2018-07-28,0.30955731280438564,0.0,0.0,1.0,0.0
8,books_imported,6,2018-07-29,0.29796623332995464,0.0,0.0,1.0,0.0
8,books_imported,7,2018-07-30,0.29697024031653757,1.0,0.0,1.0,0.0
8,books_imported,8,2018-07-31,0.2960210921251393,0.0,0.0,1.0,0.0
8,books_imported,9,2018-08-01,0.29443915167005286,0.0,0.0,1.0,0.0
8,books_imported,10,2018-08-02,0.2946020013495569,0.0,0.0,1.0,0.0
8,books_imported,11,2018-08-03,0.29569458798780934,0.0,0.0,1.0,0.0
8,books_imported,12,2018-08-04,0.29638660080189055,0.0,0.0,1.0,0.0
8,books_imported,13,2018-08-05,0.2971471755731614,0.0,0.0,1.0,0.0
8,books_imported,14,2018-08-06,0.29799552935860024,0.0,0.0,1.0,0.0
8,books_imported,15,2018-08-07,0.2987290345937757,1.0,0.0,1.0,0.0
9,books_technical,1,2018-08-09,0.9724369830661804,4.0,0.0,1.0,1.0
9,books_technical,2,2018-08-10,-0.03342889463949917,-3.0,-1.0,-0.0,-0.0
9,books_technical,3,2018-08-11,-0.07817137684703894,1.0,-1.0,-0.0,-0.0
9,books_technical,4,2018-08-12,-0.19249897542302982,-2.0,-1.0,-0.0,-0.0
9,books_technical,5,2018-08-13,0.5457111307620262,0.0,0.0,1.0,1.0
9,books_technical,6,2018-08-14,0.09638993348816438,3.0,0.0,1.0,0.0
9,books_technical,7,2018-08-15,-0.2423234582429174,-3.0,-1.0,-0.0,-0.0
9,books_technical,8,2018-08-16,-0.01640627042079223,2.0,-1.0,-0.0,-0.0
9,books_technical,9,2018-08-17,-0.09567115404041397,0.0,-1.0,-0.0,-0.0
9,books_technical,10,2018-08-18,-0.07951873884569163,-1.0,-1.0,-0.0,-0.0
9,books_technical,11,2018-08-19,-0.18577226765947352,0.0,-1.0,-0.0,-0.0
9,books_technical,12,2018-08-20,0.5260531081788544,0.0,0.0,1.0,1.0
9,books_technical,13,2018-08-21,0.09296878818979766,0.0,0.0,1.0,0.0
9,books_technical,14,2018-08-22,-0.233516727384042,0.0,-1.0,-0.0,-0.0
9,books_technical,15,2018-08-23,-0.015754510524517897,1.0,-1.0,-0.0,-0.0
10,christmas_supplies,1,2018-08-05,0.4194470238846919,0.0,0.0,1.0,0.0
10,christmas_supplies,2,2018-08-06,0.2470950011029474,0.0,0.0,1.0,0.0
10,christmas_supplies,3,2018-08-07,0.4010513387435277,1.0,0.0,1.0,0.0
10,christmas_supplies,4,2018-08-08,0.2654457122960003,0.0,0.0,1.0,0.0
10,christmas_supplies,5,2018-08-09,0.4194470238794478,1.0,0.0,1.0,0.0
10,christmas_supplies,6,2018-08-10,0.2838360364296614,0.0,0.0,1.0,0.0
10,christmas_supplies,7,2018-08-11,0.4219417994950533,0.0,0.0,1.0,0.0
10,christmas_supplies,8,2018-08-12,0.32232732159479505,1.0,0.0,1.0,0.0
10,christmas_supplies,9,2018-08-13,0.32232732159479505,0.0,0.0,1.0,0.0
10,christmas_supplies,10,2018-08-14,0.32232732159479505,0.0,0.0,1.0,0.0
10,christmas_supplies,11,2018-08-15,0.32232732159479505,1.0,0.0,1.0,0.0
10,christmas_supplies,12,2018-08-16,0.32232732159479505,1.0,0.0,1.0,0.0
10,christmas_supplies,13,2018-08-17,0.32232732159479505,1.0,0.0,1.0,0.0
10,christmas_supplies,14,2018-08-18,0.32232732159479505,1.0,0.0,1.0,0.0
10,christmas_supplies,15,2018-08-19,0.32232732159479505,1.0,0.0,1.0,0.0
11,cine_photo,1,2018-08-11,0.22018439447962096,0.0,0.0,1.0,0.0
11,cine_photo,2,2018-08-12,0.21938244340093274,1.0,0.0,1.0,0.0
11,cine_photo,3,2018-08-13,0.22037422503082674,0.0,0.0,1.0,0.0
11,cine_photo,4,2018-08-14,0.22024584402567388,1.0,0.0,1.0,0.0
11,cine_photo,5,2018-08-15,0.2202048421027731,0.0,0.0,1.0,0.0
11,cine_photo,6,2018-08-16,0.199361676795266,1.0,0.0,1.0,0.0
11,cine_photo,7,2018-08-17,0.22037400108700447,0.0,0.0,1.0,0.0
11,cine_photo,8,2018-08-18,0.2578005014056762,1.0,0.0,1.0,0.0
11,cine_photo,9,2018-08-19,0.2578005014056762,0.0,0.0,1.0,0.0
11,cine_photo,10,2018-08-20,0.2578005014056762,2.0,0.0,1.0,0.0
11,cine_photo,11,2018-08-21,0.2578005014056762,0.0,0.0,1.0,0.0
11,cine_photo,12,2018-08-22,0.2578005014056762,0.0,0.0,1.0,0.0
11,cine_photo,13,2018-08-23,0.2578005014056762,0.0,0.0,1.0,0.0
11,cine_photo,14,2018-08-24,0.2578005014056762,0.0,0.0,1.0,0.0
11,cine_photo,15,2018-08-25,0.2578005014056762,2.0,0.0,1.0,0.0
12,computers,1,2018-08-08,0.1438485410120788,1.0,0.0,1.0,0.0
12,computers,2,2018-08-09,0.5253960653550784,1.0,0.0,1.0,1.0
12,computers,3,2018-08-10,0.4808297610366725,1.0,0.0,1.0,0.0
12,computers,4,2018-08-11,0.5959290264346032,1.0,0.0,1.0,1.0
12,computers,5,2018-08-12,0.2645566870530305,0.0,0.0,1.0,0.0
12,computers,6,2018-08-13,0.37226369796695113,0.0,0.0,1.0,0.0
12,computers,7,2018-08-14,0.4622747092224092,1.0,0.0,1.0,0.0
12,computers,8,2018-08-15,0.40659066406342664,0.0,0.0,1.0,0.0
12,computers,9,2018-08-16,0.39825248059180385,0.0,0.0,1.0,0.0
12,computers,10,2018-08-17,0.36441421966549686,0.0,0.0,1.0,0.0
12,computers,11,2018-08-18,0.39462122068652594,0.0,0.0,1.0,0.0
12,computers,12,2018-08-19,0.401331854913648,0.0,0.0,1.0,0.0
12,computers,13,2018-08-20,0.3817544193474956,3.0,0.0,1.0,0.0
12,computers,14,2018-08-21,0.3812117896364136,1.0,0.0,1.0,0.0
12,computers,15,2018-08-22,0.3807313907566542,1.0,0.0,1.0,0.0
13,computers_accessories,1,2018-08-15,1.501254636791204,-3.0,1.0,2.0,2.0
13,computers_accessories,2,2018-08-16,0.011944658497341965,14.0,0.0,1.0,0.0
13,computers_accessories,3,2018-08-17,-3.606818177960105,-5.0,-4.0,-3.0,-4.0
13,computers_accessories,4,2018-08-18,-3.2174096311055966,-11.0,-4.0,-3.0,-3.0
13,computers_accessories,5,2018-08-19,-1.5450308014765664,4.0,-2.0,-1.0,-2.0
13,computers_accessories,6,2018-08-20,9.265800806574067,-6.0,9.0,10.0,9.0
13,computers_accessories,7,2018-08-21,-2.367296870115176,-2.0,-3.0,-2.0,-2.0
13,computers_accessories,8,2018-08-22,-0.657547234841623,1.0,-1.0,-0.0,-1.0
13,computers_accessories,9,2018-08-23,1.6018419136715674,2.0,1.0,2.0,2.0
13,computers_accessories,10,2018-08-24,-2.9802362303725767,-4.0,-3.0,-2.0,-3.0
13,computers_accessories,11,2018-08-25,-4.715880525586891,-1.0,-5.0,-4.0,-5.0
13,computers_accessories,12,2018-08-26,-0.7361372104245607,2.0,-1.0,-0.0,-1.0
13,computers_accessories,13,2018-08-27,8.22783752201608,-6.0,8.0,9.0,8.0
13,computers_accessories,14,2018-08-28,-0.9089021145475402,1.0,-1.0,-0.0,-1.0
13,computers_accessories,15,2018-08-29,0.7603071503485814,-2.0,0.0,1.0,1.0
14,consoles_games,1,2018-08-14,2.5847111788588855,5.0,2.0,3.0,3.0
14,consoles_games,2,2018-08-15,2.305763623688118,11.0,2.0,3.0,2.0
14,consoles_games,3,2018-08-16,2.1532822374336384,4.0,2.0,3.0,2.0
14,consoles_games,4,2018-08-17,2.108419727022853,1.0,2.0,3.0,2.0
14,consoles_games,5,2018-08-18,2.0511931642198062,1.0,2.0,3.0,2.0
14,consoles_games,6,2018-08-19,1.909679951578474,0.0,1.0,2.0,2.0
14,consoles_games,7,2018-08-20,1.9594068920970042,1.0,1.0,2.0,2.0
14,consoles_games,8,2018-08-21,2.0107711093745344,3.0,2.0,3.0,2.0
14,consoles_games,9,2018-08-22,1.9988720085641953,2.0,1.0,2.0,2.0
14,consoles_games,10,2018-08-23,1.989167084911354,2.0,1.0,2.0,2.0
14,consoles_games,11,2018-08-24,1.981251735288831,1.0,1.0,2.0,2.0
14,consoles_games,12,2018-08-25,1.9747959648069653,1.0,1.0,2.0,2.0
14,consoles_games,13,2018-08-26,1.9695306291614065,2.0,1.0,2.0,2.0
14,consoles_games,14,2018-08-27,1.9652362138722839,1.0,1.0,2.0,2.0
14,consoles_games,15,2018-08-28,1.9617336826156095,1.0,1.0,2.0,2.0
15,construction_tools_construction,1,2018-08-13,-7.843079109102644,-3.0,-8.0,-7.0,-8.0
15,construction_tools_construction,2,2018-08-14,-0.36868004961009565,-2.0,-1.0,-0.0,-0.0
15,construction_tools_construction,3,2018-08-15,0.295970232165531,11.0,0.0,1.0,0.0
15,construction_tools_construction,4,2018-08-16,-0.3339913279544135,-11.0,-1.0,-0.0,-0.0
15,construction_tools_construction,5,2018-08-17,-0.1605192526933984,-1.0,-1.0,-0.0,-0.0
15,construction_tools_construction,6,2018-08-18,-0.09842879913890108,-2.0,-1.0,-0.0,-0.0
15,construction_tools_construction,7,2018-08-19,1.2800436737415741,-1.0,1.0,2.0,1.0
15,construction_tools_construction,8,2018-08-20,-0.8577697593118785,12.0,-1.0,-0.0,-1.0
15,construction_tools_construction,9,2018-08-21,0.009273328352523274,-12.0,0.0,1.0,0.0
15,construction_tools_construction,10,2018-08-22,0.009273328352523274,4.0,0.0,1.0,0.0
15,construction_tools_construction,11,2018-08-23,0.009273328352523274,-5.0,0.0,1.0,0.0
15,construction_tools_construction,12,2018-08-24,0.009273328352523274,2.0,0.0,1.0,0.0
15,construction_tools_construction,13,2018-08-25,0.009273328352523274,-3.0,0.0,1.0,0.0
15,construction_tools_construction,14,2018-08-26,0.009273328352523274,1.0,0.0,1.0,0.0
15,construction_tools_construction,15,2018-08-27,0.009273328352523274,-2.0,0.0,1.0,0.0
16,construction_tools_lights,1,2018-08-14,3.4445873937435265,3.0,3.0,4.0,3.0
16,construction_tools_lights,2,2018-08-15,1.81175360085264,1.0,1.0,2.0,2.0
16,construction_tools_lights,3,2018-08-16,1.62495743318908,1.0,1.0,2.0,2.0
16,construction_tools_lights,4,2018-08-17,2.7264296996301565,2.0,2.0,3.0,3.0
16,construction_tools_lights,5,2018-08-18,2.8633526419005078,2.0,2.0,3.0,3.0
16,construction_tools_lights,6,2018-08-19,2.314565261240194,1.0,2.0,3.0,2.0
16,construction_tools_lights,7,2018-08-20,2.299490128988251,5.0,2.0,3.0,2.0
16,construction_tools_lights,8,2018-08-21,2.6126375757804516,2.0,2.0,3.0,3.0
16,construction_tools_lights,9,2018-08-22,2.61779048846232,0.0,2.0,3.0,3.0
16,construction_tools_lights,10,2018-08-23,2.4628624713612894,2.0,2.0,3.0,2.0
16,construction_tools_lights,11,2018-08-24,2.481141423050927,1.0,2.0,3.0,2.0
16,construction_tools_lights,12,2018-08-25,2.5751266572010016,1.0,2.0,3.0,3.0
16,construction_tools_lights,13,2018-08-26,2.572000228273485,0.0,2.0,3.0,3.0
16,construction_tools_lights,14,2018-08-27,2.533733393460918,0.0,2.0,3.0,3.0
16,construction_tools_lights,15,2018-08-28,2.5494129818579583,1.0,2.0,3.0,3.0
17,construction_tools_safety,1,2018-08-10,0.24348611779526974,3.0,0.0,1.0,0.0
17,construction_tools_safety,2,2018-08-11,0.7188030331115944,0.0,0.0,1.0,1.0
17,construction_tools_safety,3,2018-08-12,0.7221703115254439,0.0,0.0,1.0,1.0
17,construction_tools_safety,4,2018-08-13,0.58680554210894,2.0,0.0,1.0,1.0
17,construction_tools_safety,5,2018-08-14,0.45505772203337247,1.0,0.0,1.0,0.0
17,construction_tools_safety,6,2018-08-15,0.7075697732512045,2.0,0.0,1.0,1.0
17,construction_tools_safety,7,2018-08-16,0.720498743456347,0.0,0.0,1.0,1.0
17,construction_tools_safety,8,2018-08-17,0.6360748836177457,1.0,0.0,1.0,1.0
17,construction_tools_safety,9,2018-08-18,0.6360748836177457,1.0,0.0,1.0,1.0
17,construction_tools_safety,10,2018-08-19,0.6360748836177457,1.0,0.0,1.0,1.0
17,construction_tools_safety,11,2018-08-20,0.6360748836177457,4.0,0.0,1.0,1.0
17,construction_tools_safety,12,2018-08-21,0.6360748836177457,0.0,0.0,1.0,1.0
17,construction_tools_safety,13,2018-08-22,0.6360748836177457,1.0,0.0,1.0,1.0
17,construction_tools_safety,14,2018-08-23,0.6360748836177457,0.0,0.0,1.0,1.0
17,construction_tools_safety,15,2018-08-24,0.6360748836177457,1.0,0.0,1.0,1.0
18,cool_stuff,1,2018-08-14,5.268593194435519,3.0,5.0,6.0,5.0
18,cool_stuff,2,2018-08-15,4.595964063519684,6.0,4.0,5.0,5.0
18,cool_stuff,3,2018-08-16,5.491419337356744,7.0,5.0,6.0,5.0
18,cool_stuff,4,2018-08-17,4.661292740189616,1.0,4.0,5.0,5.0
18,cool_stuff,5,2018-08-18,5.042936134393823,6.0,5.0,6.0,5.0
18,cool_stuff,6,2018-08-19,4.448135236333132,2.0,4.0,5.0,4.0
18,cool_stuff,7,2018-08-20,4.98386623751881,4.0,4.0,5.0,5.0
18,cool_stuff,8,2018-08-21,4.738805636112209,5.0,4.0,5.0,5.0
18,cool_stuff,9,2018-08-22,4.817736323356746,2.0,4.0,5.0,5.0
18,cool_stuff,10,2018-08-23,5.011914946339657,4.0,5.0,6.0,5.0
18,cool_stuff,11,2018-08-24,4.659143363879028,0.0,4.0,5.0,5.0
18,cool_stuff,12,2018-08-25,4.923680551775798,3.0,4.0,5.0,5.0
18,cool_stuff,13,2018-08-26,4.755903731999039,1.0,4.0,5.0,5.0
18,cool_stuff,14,2018-08-27,4.762965390884157,2.0,4.0,5.0,5.0
18,cool_stuff,15,2018-08-28,4.861003057081296,1.0,4.0,5.0,5.0
19,costruction_tools_garden,1,2018-08-14,1.122518037470638,0.0,1.0,2.0,1.0
19,costruction_tools_garden,2,2018-08-15,0.509658650984837,1.0,0.0,1.0,1.0
19,costruction_tools_garden,3,2018-08-16,0.7496084310197554,1.0,0.0,1.0,1.0
19,costruction_tools_garden,4,2018-08-17,0.5937248113836195,1.0,0.0,1.0,1.0
19,costruction_tools_garden,5,2018-08-18,0.6052735324187415,2.0,0.0,1.0,1.0
19,costruction_tools_garden,6,2018-08-19,0.8689512950468679,0.0,0.0,1.0,1.0
19,costruction_tools_garden,7,2018-08-20,0.6040836907161959,0.0,0.0,1.0,1.0
19,costruction_tools_garden,8,2018-08-21,0.7531831200578707,0.0,0.0,1.0,1.0
19,costruction_tools_garden,9,2018-08-22,0.6717722871175674,1.0,0.0,1.0,1.0
19,costruction_tools_garden,10,2018-08-23,0.703671677767927,0.0,0.0,1.0,1.0
19,costruction_tools_garden,11,2018-08-24,0.6829447303615249,0.0,0.0,1.0,1.0
19,costruction_tools_garden,12,2018-08-25,0.6844784121350581,0.0,0.0,1.0,1.0
19,costruction_tools_garden,13,2018-08-26,0.7195643518796793,0.0,0.0,1.0,1.0
19,costruction_tools_garden,14,2018-08-27,0.6843213533184141,0.0,0.0,1.0,1.0
19,costruction_tools_garden,15,2018-08-28,0.7041603552331219,2.0,0.0,1.0,1.0
20,costruction_tools_tools,1,2018-08-08,0.45171113832915927,0.0,0.0,1.0,0.0
20,costruction_tools_tools,2,2018-08-09,0.3049587205623757,0.0,0.0,1.0,0.0
20,costruction_tools_tools,3,2018-08-10,0.5534981434451391,0.0,0.0,1.0,1.0
20,costruction_tools_tools,4,2018-08-11,0.5077616245167307,0.0,0.0,1.0,1.0
20,costruction_tools_tools,5,2018-08-12,0.2358659578097595,0.0,0.0,1.0,0.0
20,costruction_tools_tools,6,2018-08-13,0.45351142466603034,2.0,0.0,1.0,0.0
20,costruction_tools_tools,7,2018-08-14,0.44140457768867913,1.0,0.0,1.0,0.0
20,costruction_tools_tools,8,2018-08-15,0.43928850535421265,1.0,0.0,1.0,0.0
20,costruction_tools_tools,9,2018-08-16,0.34021780314835975,0.0,0.0,1.0,0.0
20,costruction_tools_tools,10,2018-08-17,0.5080036258662056,0.0,0.0,1.0,1.0
20,costruction_tools_tools,11,2018-08-18,0.4771274800715276,0.0,0.0,1.0,0.0
20,costruction_tools_tools,12,2018-08-19,0.29357415238328577,2.0,0.0,1.0,0.0
20,costruction_tools_tools,13,2018-08-20,0.44050385590365887,1.0,0.0,1.0,0.0
20,costruction_tools_tools,14,2018-08-21,0.432330676546225,1.0,0.0,1.0,0.0
20,costruction_tools_tools,15,2018-08-22,0.43090214286150486,1.0,0.0,1.0,0.0
21,drinks,1,2018-08-13,1.073236157598112,0.0,1.0,2.0,1.0
21,drinks,2,2018-08-14,-0.08018868541581767,2.0,-1.0,-0.0,-0.0
21,drinks,3,2018-08-15,-0.09537403948117483,4.0,-1.0,-0.0,-0.0
21,drinks,4,2018-08-16,-0.06098608503704372,-6.0,-1.0,-0.0,-0.0
21,drinks,5,2018-08-17,0.14102866466618547,1.0,0.0,1.0,0.0
21,drinks,6,2018-08-18,0.14144296300642864,-1.0,0.0,1.0,0.0
21,drinks,7,2018-08-19,-0.06125073990647094,0.0,-1.0,-0.0,-0.0
21,drinks,8,2018-08-20,-0.09527118049989403,0.0,-1.0,-0.0,-0.0
21,drinks,9,2018-08-21,0.12984396228598935,0.0,0.0,1.0,0.0
21,drinks,10,2018-08-22,-0.2749526370710206,1.0,-1.0,-0.0,-0.0
21,drinks,11,2018-08-23,0.13256628925918076,-1.0,0.0,1.0,0.0
21,drinks,12,2018-08-24,-0.05658340679132934,0.0,-1.0,-0.0,-0.0
21,drinks,13,2018-08-25,0.2951019337811708,0.0,0.0,1.0,0.0
21,drinks,14,2018-08-26,-0.21944983598334852,1.0,-1.0,-0.0,-0.0
21,drinks,15,2018-08-27,0.07784485343361884,0.0,0.0,1.0,0.0
22,dvds_blu_ray,1,2018-08-09,0.11666666634494688,0.0,0.0,1.0,0.0
22,dvds_blu_ray,2,2018-08-10,0.11666666634494688,0.0,0.0,1.0,0.0
22,dvds_blu_ray,3,2018-08-11,0.11666666634494688,0.0,0.0,1.0,0.0
22,dvds_blu_ray,4,2018-08-12,0.11666666634494688,0.0,0.0,1.0,0.0
22,dvds_blu_ray,5,2018-08-13,0.11666666634494688,0.0,0.0,1.0,0.0
22,dvds_blu_ray,6,2018-08-14,0.11666666634494688,0.0,0.0,1.0,0.0
22,dvds_blu_ray,7,2018-08-15,0.11666666634494688,0.0,0.0,1.0,0.0
22,dvds_blu_ray,8,2018-08-16,0.11666666634494688,0.0,0.0,1.0,0.0
22,dvds_blu_ray,9,2018-08-17,0.11666666634494688,0.0,0.0,1.0,0.0
22,dvds_blu_ray,10,2018-08-18,0.11666666634494688,0.0,0.0,1.0,0.0
22,dvds_blu_ray,11,2018-08-19,0.11666666634494688,0.0,0.0,1.0,0.0
22,dvds_blu_ray,12,2018-08-20,0.11666666634494688,0.0,0.0,1.0,0.0
22,dvds_blu_ray,13,2018-08-21,0.11666666634494688,0.0,0.0,1.0,0.0
22,dvds_blu_ray,14,2018-08-22,0.11666666634494688,0.0,0.0,1.0,0.0
22,dvds_blu_ray,15,2018-08-23,0.11666666634494688,1.0,0.0,1.0,0.0
23,electronics,1,2018-08-12,2.001361964442643,-3.0,2.0,3.0,2.0
23,electronics,2,2018-08-13,0.2987364851766829,0.0,0.0,1.0,0.0
23,electronics,3,2018-08-14,-1.0677485983608628,2.0,-2.0,-1.0,-1.0
23,electronics,4,2018-08-15,-0.8930367094014687,-2.0,-1.0,-0.0,-1.0
23,electronics,5,2018-08-16,-0.060414255948584954,3.0,-1.0,-0.0,-0.0
23,electronics,6,2018-08-17,0.6080676350589507,-3.0,0.0,1.0,1.0
23,electronics,7,2018-08-18,-0.5086761033535029,1.0,-1.0,-0.0,-1.0
23,electronics,8,2018-08-19,1.648173703203489,-1.0,1.0,2.0,2.0
23,electronics,9,2018-08-20,0.2633640224191447,-1.0,0.0,1.0,0.0
23,electronics,10,2018-08-21,-0.9749869986861249,1.0,-1.0,-0.0,-1.0
23,electronics,11,2018-08-22,-0.8605481149034936,2.0,-1.0,-0.0,-1.0
23,electronics,12,2018-08-23,-0.1263730386651951,-3.0,-1.0,-0.0,-0.0
23,electronics,13,2018-08-24,0.6148246308115727,0.0,0.0,1.0,1.0
23,electronics,14,2018-08-25,-0.4330971940691978,-2.0,-1.0,-0.0,-0.0
23,electronics,15,2018-08-26,1.5753248150119046,2.0,1.0,2.0,2.0
24,fashion_bags_accessories,1,2018-08-14,4.939481748711955,5.0,4.0,5.0,5.0
24,fashion_bags_accessories,2,2018-08-15,4.939481748711955,5.0,4.0,5.0,5.0
24,fashion_bags_accessories,3,2018-08-16,4.939481748711955,6.0,4.0,5.0,5.0
24,fashion_bags_accessories,4,2018-08-17,4.939481748711955,5.0,4.0,5.0,5.0
24,fashion_bags_accessories,5,2018-08-18,4.939481748711955,2.0,4.0,5.0,5.0
24,fashion_bags_accessories,6,2018-08-19,4.939481748711955,6.0,4.0,5.0,5.0
24,fashion_bags_accessories,7,2018-08-20,4.939481748711955,6.0,4.0,5.0,5.0
24,fashion_bags_accessories,8,2018-08-21,4.939481748711955,5.0,4.0,5.0,5.0
24,fashion_bags_accessories,9,2018-08-22,4.939481748711955,4.0,4.0,5.0,5.0
24,fashion_bags_accessories,10,2018-08-23,4.939481748711955,4.0,4.0,5.0,5.0
24,fashion_bags_accessories,11,2018-08-24,4.939481748711955,3.0,4.0,5.0,5.0
24,fashion_bags_accessories,12,2018-08-25,4.939481748711955,0.0,4.0,5.0,5.0
24,fashion_bags_accessories,13,2018-08-26,4.939481748711955,0.0,4.0,5.0,5.0
24,fashion_bags_accessories,14,2018-08-27,4.939481748711955,0.0,4.0,5.0,5.0
24,fashion_bags_accessories,15,2018-08-28,4.939481748711955,2.0,4.0,5.0,5.0
25,fashion_male_clothing,1,2018-08-03,0.187228374182108,0.0,0.0,1.0,0.0
25,fashion_male_clothing,2,2018-08-04,0.187228374182108,0.0,0.0,1.0,0.0
25,fashion_male_clothing,3,2018-08-05,0.187228374182108,0.0,0.0,1.0,0.0
25,fashion_male_clothing,4,2018-08-06,0.187228374182108,0.0,0.0,1.0,0.0
25,fashion_male_clothing,5,2018-08-07,0.187228374182108,0.0,0.0,1.0,0.0
25,fashion_male_clothing,6,2018-08-08,0.187228374182108,1.0,0.0,1.0,0.0
25,fashion_male_clothing,7,2018-08-09,0.187228374182108,0.0,0.0,1.0,0.0
25,fashion_male_clothing,8,2018-08-10,0.187228374182108,0.0,0.0,1.0,0.0
25,fashion_male_clothing,9,2018-08-11,0.187228374182108,0.0,0.0,1.0,0.0
25,fashion_male_clothing,10,2018-08-12,0.187228374182108,0.0,0.0,1.0,0.0
25,fashion_male_clothing,11,2018-08-13,0.187228374182108,0.0,0.0,1.0,0.0
25,fashion_male_clothing,12,2018-08-14,0.187228374182108,0.0,0.0,1.0,0.0
25,fashion_male_clothing,13,2018-08-15,0.187228374182108,0.0,0.0,1.0,0.0
25,fashion_male_clothing,14,2018-08-16,0.187228374182108,0.0,0.0,1.0,0.0
25,fashion_male_clothing,15,2018-08-17,0.187228374182108,1.0,0.0,1.0,0.0
26,fashion_shoes,1,2018-08-07,0.2285864381149811,1.0,0.0,1.0,0.0
26,fashion_shoes,2,2018-08-08,0.2285864381149811,0.0,0.0,1.0,0.0
26,fashion_shoes,3,2018-08-09,0.2285864381149811,0.0,0.0,1.0,0.0
26,fashion_shoes,4,2018-08-10,0.2285864381149811,0.0,0.0,1.0,0.0
26,fashion_shoes,5,2018-08-11,0.2285864381149811,0.0,0.0,1.0,0.0
26,fashion_shoes,6,2018-08-12,0.2285864381149811,0.0,0.0,1.0,0.0
26,fashion_shoes,7,2018-08-13,0.2285864381149811,1.0,0.0,1.0,0.0
26,fashion_shoes,8,2018-08-14,0.2285864381149811,0.0,0.0,1.0,0.0
26,fashion_shoes,9,2018-08-15,0.2285864381149811,0.0,0.0,1.0,0.0
26,fashion_shoes,10,2018-08-16,0.2285864381149811,0.0,0.0,1.0,0.0
26,fashion_shoes,11,2018-08-17,0.2285864381149811,0.0,0.0,1.0,0.0
26,fashion_shoes,12,2018-08-18,0.2285864381149811,0.0,0.0,1.0,0.0
26,fashion_shoes,13,2018-08-19,0.2285864381149811,0.0,0.0,1.0,0.0
26,fashion_shoes,14,2018-08-20,0.2285864381149811,0.0,0.0,1.0,0.0
26,fashion_shoes,15,2018-08-21,0.2285864381149811,1.0,0.0,1.0,0.0
27,fashion_underwear_beach,1,2018-07-26,0.16327034417940842,0.0,0.0,1.0,0.0
27,fashion_underwear_beach,2,2018-07-27,0.16953383428509736,0.0,0.0,1.0,0.0
27,fashion_underwear_beach,3,2018-07-28,0.17521581972116113,0.0,0.0,1.0,0.0
27,fashion_underwear_beach,4,2018-07-29,0.18037028758985263,1.0,0.0,1.0,0.0
27,fashion_underwear_beach,5,2018-07-30,0.18504621281147351,0.0,0.0,1.0,0.0
27,fashion_underwear_beach,6,2018-07-31,0.1892880234571456,0.0,0.0,1.0,0.0
27,fashion_underwear_beach,7,2018-08-01,0.1931360228799208,0.0,0.0,1.0,0.0
27,fashion_underwear_beach,8,2018-08-02,0.2095992701005975,0.0,0.0,1.0,0.0
27,fashion_underwear_beach,9,2018-08-03,0.2132635973518811,0.0,0.0,1.0,0.0
27,fashion_underwear_beach,10,2018-08-04,0.21658772714588434,0.0,0.0,1.0,0.0
27,fashion_underwear_beach,11,2018-08-05,0.21960324353665134,0.0,0.0,1.0,0.0
27,fashion_underwear_beach,12,2018-08-06,0.22233879830331207,0.0,0.0,1.0,0.0
27,fashion_underwear_beach,13,2018-08-07,0.2248203831835378,0.0,0.0,1.0,0.0
27,fashion_underwear_beach,14,2018-08-08,0.22707157683274495,0.0,0.0,1.0,0.0
27,fashion_underwear_beach,15,2018-08-09,0.23014448690060774,1.0,0.0,1.0,0.0
28,fixed_telephony,1,2018-07-30,0.4338256501900371,0.0,0.0,1.0,0.0
28,fixed_telephony,2,2018-07-31,0.39983680988348674,1.0,0.0,1.0,0.0
28,fixed_telephony,3,2018-08-01,0.3898664274700152,1.0,0.0,1.0,0.0
28,fixed_telephony,4,2018-08-02,0.42260500046898947,0.0,0.0,1.0,0.0
28,fixed_telephony,5,2018-08-03,0.4409747397493239,0.0,0.0,1.0,0.0
28,fixed_telephony,6,2018-08-04,0.4482260416628896,1.0,0.0,1.0,0.0
28,fixed_telephony,7,2018-08-05,0.4971360383315578,1.0,0.0,1.0,0.0
28,fixed_telephony,8,2018-08-06,0.478847473413206,0.0,0.0,1.0,0.0
28,fixed_telephony,9,2018-08-07,0.40779805347306053,1.0,0.0,1.0,0.0
28,fixed_telephony,10,2018-08-08,0.3948262850606019,2.0,0.0,1.0,0.0
28,fixed_telephony,11,2018-08-09,0.4241453514104946,0.0,0.0,1.0,0.0
28,fixed_telephony,12,2018-08-10,0.44077404462010167,1.0,0.0,1.0,0.0
28,fixed_telephony,13,2018-08-11,0.44734920182112337,2.0,0.0,1.0,0.0
28,fixed_telephony,14,2018-08-12,0.49172289301505817,0.0,0.0,1.0,0.0
28,fixed_telephony,15,2018-08-13,0.47513038811716085,1.0,0.0,1.0,0.0
29,food,1,2018-08-15,-1.4742549920082322,-1.0,-2.0,-1.0,-1.0
29,food,2,2018-08-16,-0.06858253935060521,1.0,-1.0,-0.0,-0.0
29,food,3,2018-08-17,-0.10657914158284995,7.0,-1.0,-0.0,-0.0
29,food,4,2018-08-18,-0.09430659441822525,-9.0,-1.0,-0.0,-0.0
29,food,5,2018-08-19,0.44034979041838407,3.0,0.0,1.0,0.0
29,food,6,2018-08-20,0.16020774748977692,5.0,0.0,1.0,0.0
29,food,7,2018-08-21,0.05412061387553159,-7.0,0.0,1.0,0.0
29,food,8,2018-08-22,-0.3419563198247745,0.0,-1.0,-0.0,-0.0
29,food,9,2018-08-23,-0.014392757597304667,-2.0,-1.0,-0.0,-0.0
29,food,10,2018-08-24,-0.10180433815554978,4.0,-1.0,-0.0,-0.0
29,food,11,2018-08-25,-0.09004943273279924,-5.0,-1.0,-0.0,-0.0
29,food,12,2018-08-26,0.4220557686666244,1.0,0.0,1.0,0.0
29,food,13,2018-08-27,0.153729790742986,3.0,0.0,1.0,0.0
29,food,14,2018-08-28,0.0521172888329729,-3.0,0.0,1.0,0.0
29,food,15,2018-08-29,-0.32725358123387777,-1.0,-1.0,-0.0,-0.0
30,food_drink,1,2018-08-09,0.6440519250590886,0.0,0.0,1.0,1.0
30,food_drink,2,2018-08-10,0.7133083367683863,0.0,0.0,1.0,1.0
30,food_drink,3,2018-08-11,0.7133083367683863,0.0,0.0,1.0,1.0
30,food_drink,4,2018-08-12,0.7133083367683863,1.0,0.0,1.0,1.0
30,food_drink,5,2018-08-13,0.7133083367683863,1.0,0.0,1.0,1.0
30,food_drink,6,2018-08-14,0.7133083367683863,0.0,0.0,1.0,1.0
30,food_drink,7,2018-08-15,0.7133083367683863,0.0,0.0,1.0,1.0
30,food_drink,8,2018-08-16,0.7133083367683863,1.0,0.0,1.0,1.0
30,food_drink,9,2018-08-17,0.7133083367683863,1.0,0.0,1.0,1.0
30,food_drink,10,2018-08-18,0.7133083367683863,0.0,0.0,1.0,1.0
30,food_drink,11,2018-08-19,0.7133083367683863,0.0,0.0,1.0,1.0
30,food_drink,12,2018-08-20,0.7133083367683863,1.0,0.0,1.0,1.0
30,food_drink,13,2018-08-21,0.7133083367683863,0.0,0.0,1.0,1.0
30,food_drink,14,2018-08-22,0.7133083367683863,1.0,0.0,1.0,1.0
30,food_drink,15,2018-08-23,0.7133083367683863,4.0,0.0,1.0,1.0
31,furniture_bedroom,1,2018-08-11,0.46908808629438514,0.0,0.0,1.0,0.0
31,furniture_bedroom,2,2018-08-12,0.4785023599040664,0.0,0.0,1.0,0.0
31,furniture_bedroom,3,2018-08-13,0.4825224711534932,2.0,0.0,1.0,0.0
31,furniture_bedroom,4,2018-08-14,0.48020165883858923,0.0,0.0,1.0,0.0
31,furniture_bedroom,5,2018-08-15,0.6668610691962853,0.0,0.0,1.0,1.0
31,furniture_bedroom,6,2018-08-16,0.47745372365731376,1.0,0.0,1.0,0.0
31,furniture_bedroom,7,2018-08-17,0.5768810924047757,1.0,0.0,1.0,1.0
31,furniture_bedroom,8,2018-08-18,0.5278047483742746,1.0,0.0,1.0,1.0
31,furniture_bedroom,9,2018-08-19,0.5287330288631344,0.0,0.0,1.0,1.0
31,furniture_bedroom,10,2018-08-20,0.5296613093519943,1.0,0.0,1.0,1.0
31,furniture_bedroom,11,2018-08-21,0.5305895898408541,0.0,0.0,1.0,1.0
31,furniture_bedroom,12,2018-08-22,0.531517870329714,0.0,0.0,1.0,1.0
31,furniture_bedroom,13,2018-08-23,0.5324461508185738,0.0,0.0,1.0,1.0
31,furniture_bedroom,14,2018-08-24,0.5333744313074337,0.0,0.0,1.0,1.0
31,furniture_bedroom,15,2018-08-25,0.5343027117962935,1.0,0.0,1.0,1.0
32,furniture_decor,1,2018-08-14,21.1323470960867,27.0,21.0,22.0,21.0
32,furniture_decor,2,2018-08-15,19.02706484521753,14.0,19.0,20.0,19.0
32,furniture_decor,3,2018-08-16,18.724459831693174,38.0,18.0,19.0,19.0
32,furniture_decor,4,2018-08-17,18.002940538192107,17.0,18.0,19.0,18.0
32,furniture_decor,5,2018-08-18,14.994506668976788,12.0,14.0,15.0,15.0
32,furniture_decor,6,2018-08-19,16.15652769333852,12.0,16.0,17.0,16.0
32,furniture_decor,7,2018-08-20,18.468810210158495,20.0,18.0,19.0,18.0
32,furniture_decor,8,2018-08-21,18.77929831602452,16.0,18.0,19.0,19.0
32,furniture_decor,9,2018-08-22,18.293615708962214,9.0,18.0,19.0,18.0
32,furniture_decor,10,2018-08-23,17.98741168859259,6.0,17.0,18.0,18.0
32,furniture_decor,11,2018-08-24,17.60869173572325,5.0,17.0,18.0,18.0
32,furniture_decor,12,2018-08-25,14.887988760377914,2.0,14.0,15.0,15.0
32,furniture_decor,13,2018-08-26,16.072230783635643,5.0,16.0,17.0,16.0
32,furniture_decor,14,2018-08-27,18.29244962833691,0.0,18.0,19.0,18.0
32,furniture_decor,15,2018-08-28,18.62147767318534,2.0,18.0,19.0,19.0
33,furniture_living_room,1,2018-08-10,1.995422026923491,1.0,1.0,2.0,2.0
33,furniture_living_room,2,2018-08-11,1.995422026923491,2.0,1.0,2.0,2.0
33,furniture_living_room,3,2018-08-12,1.995422026923491,0.0,1.0,2.0,2.0
33,furniture_living_room,4,2018-08-13,1.995422026923491,0.0,1.0,2.0,2.0
33,furniture_living_room,5,2018-08-14,1.995422026923491,2.0,1.0,2.0,2.0
33,furniture_living_room,6,2018-08-15,1.995422026923491,2.0,1.0,2.0,2.0
33,furniture_living_room,7,2018-08-16,1.995422026923491,1.0,1.0,2.0,2.0
33,furniture_living_room,8,2018-08-17,1.995422026923491,0.0,1.0,2.0,2.0
33,furniture_living_room,9,2018-08-18,1.995422026923491,1.0,1.0,2.0,2.0
33,furniture_living_room,10,2018-08-19,1.995422026923491,3.0,1.0,2.0,2.0
33,furniture_living_room,11,2018-08-20,1.995422026923491,3.0,1.0,2.0,2.0
33,furniture_living_room,12,2018-08-21,1.995422026923491,0.0,1.0,2.0,2.0
33,furniture_living_room,13,2018-08-22,1.995422026923491,0.0,1.0,2.0,2.0
33,furniture_living_room,14,2018-08-23,1.995422026923491,2.0,1.0,2.0,2.0
33,furniture_living_room,15,2018-08-24,1.995422026923491,1.0,1.0,2.0,2.0
34,garden_tools,1,2018-08-13,7.094142354618336,8.0,7.0,8.0,7.0
34,garden_tools,2,2018-08-14,7.477908094962003,8.0,7.0,8.0,7.0
34,garden_tools,3,2018-08-15,7.650975313723075,6.0,7.0,8.0,8.0
34,garden_tools,4,2018-08-16,7.100392218223155,6.0,7.0,8.0,7.0
34,garden_tools,5,2018-08-17,5.834279975018129,8.0,5.0,6.0,6.0
34,garden_tools,6,2018-08-18,5.7599113863016305,5.0,5.0,6.0,6.0
34,garden_tools,7,2018-08-19,5.838284167328039,2.0,5.0,6.0,6.0
34,garden_tools,8,2018-08-20,7.080706827524656,4.0,7.0,8.0,7.0
34,garden_tools,9,2018-08-21,7.2620796231936,3.0,7.0,8.0,7.0
34,garden_tools,10,2018-08-22,7.535784689668052,6.0,7.0,8.0,8.0
34,garden_tools,11,2018-08-23,7.010055977959689,1.0,7.0,8.0,7.0
34,garden_tools,12,2018-08-24,5.805312783704517,0.0,5.0,6.0,6.0
34,garden_tools,13,2018-08-25,5.739474298801953,4.0,5.0,6.0,6.0
34,garden_tools,14,2018-08-26,5.8192985233962,0.0,5.0,6.0,6.0
34,garden_tools,15,2018-08-27,7.020190909690868,2.0,7.0,8.0,7.0
35,health_beauty,1,2018-08-15,39.649318422571994,28.0,39.0,40.0,40.0
35,health_beauty,2,2018-08-16,36.56819226161257,41.0,36.0,37.0,37.0
35,health_beauty,3,2018-08-17,33.19370726497254,43.0,33.0,34.0,33.0
35,health_beauty,4,2018-08-18,28.003683004134317,22.0,28.0,29.0,28.0
35,health_beauty,5,2018-08-19,30.61405486152702,36.0,30.0,31.0,31.0
35,health_beauty,6,2018-08-20,37.64378540213583,34.0,37.0,38.0,38.0
35,health_beauty,7,2018-08-21,38.62965498493476,32.0,38.0,39.0,39.0
35,health_beauty,8,2018-08-22,40.176775128865934,19.0,40.0,41.0,40.0
35,health_beauty,9,2018-08-23,37.120460802599695,21.0,37.0,38.0,37.0
35,health_beauty,10,2018-08-24,33.773150014199544,12.0,33.0,34.0,34.0
35,health_beauty,11,2018-08-25,28.624920219827906,15.0,28.0,29.0,29.0
35,health_beauty,12,2018-08-26,31.21427115447034,15.0,31.0,32.0,31.0
35,health_beauty,13,2018-08-27,38.18739235712952,6.0,38.0,39.0,38.0
35,health_beauty,14,2018-08-28,39.16532288393412,7.0,39.0,40.0,39.0
35,health_beauty,15,2018-08-29,40.69998430749606,7.0,40.0,41.0,41.0
36,home_appliances,1,2018-08-11,3.606756700894449,1.0,3.0,4.0,4.0
36,home_appliances,2,2018-08-12,3.606756700894449,0.0,3.0,4.0,4.0
36,home_appliances,3,2018-08-13,3.606756700894449,4.0,3.0,4.0,4.0
36,home_appliances,4,2018-08-14,3.606756700894449,5.0,3.0,4.0,4.0
36,home_appliances,5,2018-08-15,3.606756700894449,4.0,3.0,4.0,4.0
36,home_appliances,6,2018-08-16,3.606756700894449,2.0,3.0,4.0,4.0
36,home_appliances,7,2018-08-17,3.606756700894449,4.0,3.0,4.0,4.0
36,home_appliances,8,2018-08-18,3.606756700894449,2.0,3.0,4.0,4.0
36,home_appliances,9,2018-08-19,3.606756700894449,5.0,3.0,4.0,4.0
36,home_appliances,10,2018-08-20,3.606756700894449,0.0,3.0,4.0,4.0
36,home_appliances,11,2018-08-21,3.606756700894449,3.0,3.0,4.0,4.0
36,home_appliances,12,2018-08-22,3.606756700894449,1.0,3.0,4.0,4.0
36,home_appliances,13,2018-08-23,3.606756700894449,1.0,3.0,4.0,4.0
36,home_appliances,14,2018-08-24,3.606756700894449,3.0,3.0,4.0,4.0
36,home_appliances,15,2018-08-25,3.606756700894449,1.0,3.0,4.0,4.0
37,home_appliances_2,1,2018-08-09,1.0273363158432833,1.0,1.0,2.0,1.0
37,home_appliances_2,2,2018-08-10,0.7447761631425449,1.0,0.0,1.0,1.0
37,home_appliances_2,3,2018-08-11,1.4404531792835575,0.0,1.0,2.0,1.0
37,home_appliances_2,4,2018-08-12,0.7210506073598966,0.0,0.0,1.0,1.0
37,home_appliances_2,5,2018-08-13,0.5287769920673284,0.0,0.0,1.0,1.0
37,home_appliances_2,6,2018-08-14,0.3203446594769588,1.0,0.0,1.0,0.0
37,home_appliances_2,7,2018-08-15,0.8832881799391812,1.0,0.0,1.0,1.0
37,home_appliances_2,8,2018-08-16,0.9605012226982175,3.0,0.0,1.0,1.0
37,home_appliances_2,9,2018-08-17,0.8929648334580701,1.0,0.0,1.0,1.0
37,home_appliances_2,10,2018-08-18,1.0946300521214625,1.0,1.0,2.0,1.0
37,home_appliances_2,11,2018-08-19,0.8329442967540063,0.0,0.0,1.0,1.0
37,home_appliances_2,12,2018-08-20,0.645492045487067,0.0,0.0,1.0,1.0
37,home_appliances_2,13,2018-08-21,0.44529627051685206,0.0,0.0,1.0,0.0
37,home_appliances_2,14,2018-08-22,0.8111332820104797,0.0,0.0,1.0,1.0
37,home_appliances_2,15,2018-08-23,0.9144035349281388,1.0,0.0,1.0,1.0
38,home_confort,1,2018-08-10,0.7699704061106818,2.0,0.0,1.0,1.0
38,home_confort,2,2018-08-11,0.8433200369982513,1.0,0.0,1.0,1.0
38,home_confort,3,2018-08-12,0.8433200369982513,0.0,0.0,1.0,1.0
38,home_confort,4,2018-08-13,0.8433200369982513,1.0,0.0,1.0,1.0
38,home_confort,5,2018-08-14,0.8433200369982513,3.0,0.0,1.0,1.0
38,home_confort,6,2018-08-15,0.8433200369982513,0.0,0.0,1.0,1.0
38,home_confort,7,2018-08-16,0.8433200369982513,1.0,0.0,1.0,1.0
38,home_confort,8,2018-08-17,0.8433200369982513,0.0,0.0,1.0,1.0
38,home_confort,9,2018-08-18,0.8433200369982513,0.0,0.0,1.0,1.0
38,home_confort,10,2018-08-19,0.8433200369982513,0.0,0.0,1.0,1.0
38,home_confort,11,2018-08-20,0.8433200369982513,0.0,0.0,1.0,1.0
38,home_confort,12,2018-08-21,0.8433200369982513,0.0,0.0,1.0,1.0
38,home_confort,13,2018-08-22,0.8433200369982513,0.0,0.0,1.0,1.0
38,home_confort,14,2018-08-23,0.8433200369982513,0.0,0.0,1.0,1.0
38,home_confort,15,2018-08-24,0.8433200369982513,1.0,0.0,1.0,1.0
39,home_construction,1,2018-08-12,1.1733298956278067,-2.0,1.0,2.0,1.0
39,home_construction,2,2018-08-13,0.007269692377405535,5.0,0.0,1.0,0.0
39,home_construction,3,2018-08-14,-0.4870886808468258,-3.0,-1.0,-0.0,-0.0
39,home_construction,4,2018-08-15,0.20433743959475353,-2.0,0.0,1.0,0.0
39,home_construction,5,2018-08-16,-0.18927099696932226,0.0,-1.0,-0.0,-0.0
39,home_construction,6,2018-08-17,0.12249955445595187,1.0,0.0,1.0,0.0
39,home_construction,7,2018-08-18,-0.1829680220014939,-1.0,-1.0,-0.0,-0.0
39,home_construction,8,2018-08-19,0.15495655901695718,2.0,0.0,1.0,0.0
39,home_construction,9,2018-08-20,-0.09928341887498705,-2.0,-1.0,-0.0,-0.0
39,home_construction,10,2018-08-21,0.10613496361202972,0.0,0.0,1.0,0.0
39,home_construction,11,2018-08-22,-0.09408954812464722,1.0,-1.0,-0.0,-0.0
39,home_construction,12,2018-08-23,0.1010724165195078,0.0,0.0,1.0,0.0
39,home_construction,13,2018-08-24,-0.0891550042563145,-1.0,-1.0,-0.0,-0.0
39,home_construction,14,2018-08-25,0.09626263939674919,0.0,0.0,1.0,0.0
39,home_construction,15,2018-08-26,-0.0844668392327804,1.0,-1.0,-0.0,-0.0
40,housewares,1,2018-08-14,-2.843310344155088,5.0,-3.0,-2.0,-3.0
40,housewares,2,2018-08-15,-2.2386933561571083,-7.0,-3.0,-2.0,-2.0
40,housewares,3,2018-08-16,0.19465096171283838,3.0,0.0,1.0,0.0
40,housewares,4,2018-08-17,-1.9950721851481152,-5.0,-2.0,-1.0,-2.0
40,housewares,5,2018-08-18,-0.3033573914898574,-8.0,-1.0,-0.0,-0.0
40,housewares,6,2018-08-19,-0.47380969188879046,22.0,-1.0,-0.0,-0.0
40,housewares,7,2018-08-20,2.571698670060972,-20.0,2.0,3.0,3.0
40,housewares,8,2018-08-21,-0.44921733522260576,4.0,-1.0,-0.0,-0.0
40,housewares,9,2018-08-22,-0.3476340186595835,7.0,-1.0,-0.0,-0.0
40,housewares,10,2018-08-23,0.0635811474066228,-22.0,0.0,1.0,0.0
40,housewares,11,2018-08-24,-0.30757396320519065,11.0,-1.0,-0.0,-0.0
40,housewares,12,2018-08-25,-0.021702431648232837,-13.0,-1.0,-0.0,-0.0
40,housewares,13,2018-08-26,-0.05093831779949465,4.0,-1.0,-0.0,-0.0
40,housewares,14,2018-08-27,0.46419531186116525,4.0,0.0,1.0,0.0
40,housewares,15,2018-08-28,-0.04738064378584022,-3.0,-1.0,-0.0,-0.0
41,industry_commerce_and_business,1,2018-08-12,0.4252277845410732,0.0,0.0,1.0,0.0
41,industry_commerce_and_business,2,2018-08-13,0.0,0.0,0.0,0.0,0.0
41,industry_commerce_and_business,3,2018-08-14,0.0,0.0,0.0,0.0,0.0
41,industry_commerce_and_business,4,2018-08-15,0.0,0.0,0.0,0.0,0.0
41,industry_commerce_and_business,5,2018-08-16,0.0,2.0,0.0,0.0,0.0
41,industry_commerce_and_business,6,2018-08-17,0.0,-2.0,0.0,0.0,0.0
41,industry_commerce_and_business,7,2018-08-18,0.0,0.0,0.0,0.0,0.0
41,industry_commerce_and_business,8,2018-08-19,0.0,0.0,0.0,0.0,0.0
41,industry_commerce_and_business,9,2018-08-20,0.0,2.0,0.0,0.0,0.0
41,industry_commerce_and_business,10,2018-08-21,0.0,-1.0,0.0,0.0,0.0
41,industry_commerce_and_business,11,2018-08-22,0.0,-1.0,0.0,0.0,0.0
41,industry_commerce_and_business,12,2018-08-23,0.0,0.0,0.0,0.0,0.0
41,industry_commerce_and_business,13,2018-08-24,0.0,0.0,0.0,0.0,0.0
41,industry_commerce_and_business,14,2018-08-25,0.0,0.0,0.0,0.0,0.0
41,industry_commerce_and_business,15,2018-08-26,0.0,1.0,0.0,0.0,0.0
42,kitchen_dining_laundry_garden_furniture,1,2018-08-15,0.476804804366055,3.0,0.0,1.0,0.0
42,kitchen_dining_laundry_garden_furniture,2,2018-08-16,0.9532886193256118,0.0,0.0,1.0,1.0
42,kitchen_dining_laundry_garden_furniture,3,2018-08-17,0.6740170635139318,2.0,0.0,1.0,1.0
42,kitchen_dining_laundry_garden_furniture,4,2018-08-18,0.44943738066000244,0.0,0.0,1.0,0.0
42,kitchen_dining_laundry_garden_furniture,5,2018-08-19,0.6674958009652627,0.0,0.0,1.0,1.0
42,kitchen_dining_laundry_garden_furniture,6,2018-08-20,0.8014734130878598,0.0,0.0,1.0,1.0
42,kitchen_dining_laundry_garden_furniture,7,2018-08-21,0.9062179696147328,0.0,0.0,1.0,1.0
42,kitchen_dining_laundry_garden_furniture,8,2018-08-22,0.48130682297389693,0.0,0.0,1.0,0.0
42,kitchen_dining_laundry_garden_furniture,9,2018-08-23,1.0324749075029307,1.0,1.0,2.0,1.0
42,kitchen_dining_laundry_garden_furniture,10,2018-08-24,0.7341236429421119,1.0,0.0,1.0,1.0
42,kitchen_dining_laundry_garden_furniture,11,2018-08-25,0.5471682082639826,0.0,0.0,1.0,1.0
42,kitchen_dining_laundry_garden_furniture,12,2018-08-26,0.7505048562787143,1.0,0.0,1.0,1.0
42,kitchen_dining_laundry_garden_furniture,13,2018-08-27,0.7723326526772607,0.0,0.0,1.0,1.0
42,kitchen_dining_laundry_garden_furniture,14,2018-08-28,0.8611771301059165,0.0,0.0,1.0,1.0
42,kitchen_dining_laundry_garden_furniture,15,2018-08-29,0.5378096432107193,2.0,0.0,1.0,1.0
43,luggage_accessories,1,2018-08-13,2.61809684968681,1.0,2.0,3.0,3.0
43,luggage_accessories,2,2018-08-14,2.5908103751038047,3.0,2.0,3.0,3.0
43,luggage_accessories,3,2018-08-15,3.6834377348943788,6.0,3.0,4.0,4.0
43,luggage_accessories,4,2018-08-16,2.544194570800623,3.0,2.0,3.0,3.0
43,luggage_accessories,5,2018-08-17,1.779561328010768,5.0,1.0,2.0,2.0
43,luggage_accessories,6,2018-08-18,1.7617045302544976,1.0,1.0,2.0,2.0
43,luggage_accessories,7,2018-08-19,2.1180335289681294,1.0,2.0,3.0,2.0
43,luggage_accessories,8,2018-08-20,2.2186745454597885,3.0,2.0,3.0,2.0
43,luggage_accessories,9,2018-08-21,2.200601354054194,1.0,2.0,3.0,2.0
43,luggage_accessories,10,2018-08-22,2.39235716980894,1.0,2.0,3.0,2.0
43,luggage_accessories,11,2018-08-23,2.1697253846747766,3.0,2.0,3.0,2.0
43,luggage_accessories,12,2018-08-24,2.017901173663084,0.0,2.0,3.0,2.0
43,luggage_accessories,13,2018-08-25,2.006073726963866,0.0,2.0,3.0,2.0
43,luggage_accessories,14,2018-08-26,2.0647729353815727,1.0,2.0,3.0,2.0
43,luggage_accessories,15,2018-08-27,2.0766334990394437,1.0,2.0,3.0,2.0
44,market_place,1,2018-08-08,0.33555544351402217,0.0,0.0,1.0,0.0
44,market_place,2,2018-08-09,0.30394419235635545,0.0,0.0,1.0,0.0
44,market_place,3,2018-08-10,0.2305906497574855,0.0,0.0,1.0,0.0
44,market_place,4,2018-08-11,0.4052872306924885,0.0,0.0,1.0,0.0
44,market_place,5,2018-08-12,0.22420348477083255,2.0,0.0,1.0,0.0
44,market_place,6,2018-08-13,0.3879666426523233,1.0,0.0,1.0,0.0
44,market_place,7,2018-08-14,0.1962321528871742,1.0,0.0,1.0,0.0
44,market_place,8,2018-08-15,0.3357350000324757,0.0,0.0,1.0,0.0
44,market_place,9,2018-08-16,0.29169174958830246,1.0,0.0,1.0,0.0
44,market_place,10,2018-08-17,0.25320956250532606,0.0,0.0,1.0,0.0
44,market_place,11,2018-08-18,0.375796036063951,0.0,0.0,1.0,0.0
44,market_place,12,2018-08-19,0.24700099139486237,0.0,0.0,1.0,0.0
44,market_place,13,2018-08-20,0.3674990601297333,0.0,0.0,1.0,0.0
44,market_place,14,2018-08-21,0.21307725946973743,1.0,0.0,1.0,0.0
44,market_place,15,2018-08-22,0.3333013835809593,1.0,0.0,1.0,0.0
45,musical_instruments,1,2018-08-08,1.797182054053432,3.0,1.0,2.0,2.0
45,musical_instruments,2,2018-08-09,1.7998423287353258,1.0,1.0,2.0,2.0
45,musical_instruments,3,2018-08-10,1.8025026034172196,4.0,1.0,2.0,2.0
45,musical_instruments,4,2018-08-11,1.8051628780991134,0.0,1.0,2.0,2.0
45,musical_instruments,5,2018-08-12,1.8078231527810071,2.0,1.0,2.0,2.0
45,musical_instruments,6,2018-08-13,1.810483427462901,2.0,1.0,2.0,2.0
45,musical_instruments,7,2018-08-14,1.8131437021447947,1.0,1.0,2.0,2.0
45,musical_instruments,8,2018-08-15,1.8158039768266885,0.0,1.0,2.0,2.0
45,musical_instruments,9,2018-08-16,1.8184642515085823,0.0,1.0,2.0,2.0
45,musical_instruments,10,2018-08-17,1.821124526190476,1.0,1.0,2.0,2.0
45,musical_instruments,11,2018-08-18,1.8237848008723698,2.0,1.0,2.0,2.0
45,musical_instruments,12,2018-08-19,1.8264450755542636,2.0,1.0,2.0,2.0
45,musical_instruments,13,2018-08-20,1.8291053502361574,2.0,1.0,2.0,2.0
45,musical_instruments,14,2018-08-21,1.8317656249180512,1.0,1.0,2.0,2.0
45,musical_instruments,15,2018-08-22,1.834425899599945,2.0,1.0,2.0,2.0
46,office_furniture,1,2018-08-14,1.3987531837593563,0.0,1.0,2.0,1.0
46,office_furniture,2,2018-08-15,1.5336865804471227,4.0,1.0,2.0,2.0
46,office_furniture,3,2018-08-16,2.424488318654002,0.0,2.0,3.0,2.0
46,office_furniture,4,2018-08-17,2.4004951031547126,0.0,2.0,3.0,2.0
46,office_furniture,5,2018-08-18,2.5223930548423916,0.0,2.0,3.0,3.0
46,office_furniture,6,2018-08-19,2.5575330814469823,0.0,2.0,3.0,3.0
46,office_furniture,7,2018-08-20,2.276773222375916,0.0,2.0,3.0,2.0
46,office_furniture,8,2018-08-21,1.850870793828491,0.0,1.0,2.0,2.0
46,office_furniture,9,2018-08-22,1.9212895886993,0.0,1.0,2.0,2.0
46,office_furniture,10,2018-08-23,2.5377201336870283,1.0,2.0,3.0,3.0
46,office_furniture,11,2018-08-24,2.2518302711149274,0.0,2.0,3.0,2.0
46,office_furniture,12,2018-08-25,2.5613257509281344,0.0,2.0,3.0,3.0
46,office_furniture,13,2018-08-26,2.5319549751629653,0.0,2.0,3.0,3.0
46,office_furniture,14,2018-08-27,2.195091488511911,0.0,2.0,3.0,2.0
46,office_furniture,15,2018-08-28,2.1141547287260014,1.0,2.0,3.0,2.0
47,perfumery,1,2018-08-13,8.006323018096504,7.0,8.0,9.0,8.0
47,perfumery,2,2018-08-14,8.006323018096504,6.0,8.0,9.0,8.0
47,perfumery,3,2018-08-15,8.006323018096504,15.0,8.0,9.0,8.0
47,perfumery,4,2018-08-16,8.006323018096504,6.0,8.0,9.0,8.0
47,perfumery,5,2018-08-17,8.006323018096504,7.0,8.0,9.0,8.0
47,perfumery,6,2018-08-18,8.006323018096504,6.0,8.0,9.0,8.0
47,perfumery,7,2018-08-19,8.006323018096504,5.0,8.0,9.0,8.0
47,perfumery,8,2018-08-20,8.006323018096504,16.0,8.0,9.0,8.0
47,perfumery,9,2018-08-21,8.006323018096504,12.0,8.0,9.0,8.0
47,perfumery,10,2018-08-22,8.006323018096504,10.0,8.0,9.0,8.0
47,perfumery,11,2018-08-23,8.006323018096504,8.0,8.0,9.0,8.0
47,perfumery,12,2018-08-24,8.006323018096504,5.0,8.0,9.0,8.0
47,perfumery,13,2018-08-25,8.006323018096504,5.0,8.0,9.0,8.0
47,perfumery,14,2018-08-26,8.006323018096504,2.0,8.0,9.0,8.0
47,perfumery,15,2018-08-27,8.006323018096504,1.0,8.0,9.0,8.0
48,pet_shop,1,2018-08-12,8.20059222537979,11.0,8.0,9.0,8.0
48,pet_shop,2,2018-08-13,7.209637299218119,11.0,7.0,8.0,7.0
48,pet_shop,3,2018-08-14,7.212730995812507,8.0,7.0,8.0,7.0
48,pet_shop,4,2018-08-15,7.105225688878296,11.0,7.0,8.0,7.0
48,pet_shop,5,2018-08-16,6.482693346388337,11.0,6.0,7.0,6.0
48,pet_shop,6,2018-08-17,7.00010144224191,7.0,7.0,8.0,7.0
48,pet_shop,7,2018-08-18,7.793519081664542,5.0,7.0,8.0,8.0
48,pet_shop,8,2018-08-19,6.966938908888665,9.0,6.0,7.0,7.0
48,pet_shop,9,2018-08-20,6.878746648071998,7.0,6.0,7.0,7.0
48,pet_shop,10,2018-08-21,6.877596668113156,6.0,6.0,7.0,7.0
48,pet_shop,11,2018-08-22,6.886707363517796,11.0,6.0,7.0,7.0
48,pet_shop,12,2018-08-23,6.897027602811649,4.0,6.0,7.0,7.0
48,pet_shop,13,2018-08-24,6.907490424963657,1.0,6.0,7.0,7.0
48,pet_shop,14,2018-08-25,6.91797005499806,0.0,6.0,7.0,7.0
48,pet_shop,15,2018-08-26,6.928451666370992,1.0,6.0,7.0,7.0
49,signaling_and_security,1,2018-08-10,0.7181706068255105,1.0,0.0,1.0,1.0
49,signaling_and_security,2,2018-08-11,1.2017408773433338,0.0,1.0,2.0,1.0
49,signaling_and_security,3,2018-08-12,1.262908304737227,0.0,1.0,2.0,1.0
49,signaling_and_security,4,2018-08-13,0.5236917556468026,1.0,0.0,1.0,1.0
49,signaling_and_security,5,2018-08-14,0.9216222079340846,1.0,0.0,1.0,1.0
49,signaling_and_security,6,2018-08-15,0.7623187798792914,1.0,0.0,1.0,1.0
49,signaling_and_security,7,2018-08-16,0.952124408250761,0.0,0.0,1.0,1.0
49,signaling_and_security,8,2018-08-17,0.9437787534559964,1.0,0.0,1.0,1.0
49,signaling_and_security,9,2018-08-18,0.9497394071126493,0.0,0.0,1.0,1.0
49,signaling_and_security,10,2018-08-19,0.9796131405239143,1.0,0.0,1.0,1.0
49,signaling_and_security,11,2018-08-20,0.9575236643126576,0.0,0.0,1.0,1.0
49,signaling_and_security,12,2018-08-21,0.9381199875725554,1.0,0.0,1.0,1.0
49,signaling_and_security,13,2018-08-22,0.9631780471326861,0.0,0.0,1.0,1.0
49,signaling_and_security,14,2018-08-23,0.9173448752383092,0.0,0.0,1.0,1.0
49,signaling_and_security,15,2018-08-24,0.9516410107785289,2.0,0.0,1.0,1.0
50,small_appliances,1,2018-08-08,1.4227413030816902,0.0,1.0,2.0,1.0
50,small_appliances,2,2018-08-09,1.4227413030816902,0.0,1.0,2.0,1.0
50,small_appliances,3,2018-08-10,1.4227413030816902,2.0,1.0,2.0,1.0
50,small_appliances,4,2018-08-11,1.4227413030816902,2.0,1.0,2.0,1.0
50,small_appliances,5,2018-08-12,1.4227413030816902,3.0,1.0,2.0,1.0
50,small_appliances,6,2018-08-13,1.4227413030816902,0.0,1.0,2.0,1.0
50,small_appliances,7,2018-08-14,1.4227413030816902,0.0,1.0,2.0,1.0
50,small_appliances,8,2018-08-15,1.4227413030816902,2.0,1.0,2.0,1.0
50,small_appliances,9,2018-08-16,1.4227413030816902,0.0,1.0,2.0,1.0
50,small_appliances,10,2018-08-17,1.4227413030816902,2.0,1.0,2.0,1.0
50,small_appliances,11,2018-08-18,1.4227413030816902,2.0,1.0,2.0,1.0
50,small_appliances,12,2018-08-19,1.4227413030816902,0.0,1.0,2.0,1.0
50,small_appliances,13,2018-08-20,1.4227413030816902,1.0,1.0,2.0,1.0
50,small_appliances,14,2018-08-21,1.4227413030816902,1.0,1.0,2.0,1.0
50,small_appliances,15,2018-08-22,1.4227413030816902,1.0,1.0,2.0,1.0
51,small_appliances_home_oven_and_coffee,1,2018-08-09,-0.524258270058721,0.0,-1.0,-0.0,-1.0
51,small_appliances_home_oven_and_coffee,2,2018-08-10,-0.0042119047634034965,-1.0,-1.0,-0.0,-0.0
51,small_appliances_home_oven_and_coffee,3,2018-08-11,0.21044676938649481,0.0,0.0,1.0,0.0
51,small_appliances_home_oven_and_coffee,4,2018-08-12,-0.09946009059430601,0.0,-1.0,-0.0,-0.0
51,small_appliances_home_oven_and_coffee,5,2018-08-13,-0.12219961731385937,0.0,-1.0,-0.0,-0.0
51,small_appliances_home_oven_and_coffee,6,2018-08-14,0.0954232494652127,2.0,0.0,1.0,0.0
51,small_appliances_home_oven_and_coffee,7,2018-08-15,0.08033901516141771,0.0,0.0,1.0,0.0
51,small_appliances_home_oven_and_coffee,8,2018-08-16,-0.07916523933121733,-2.0,-1.0,-0.0,-0.0
51,small_appliances_home_oven_and_coffee,9,2018-08-17,0.0705976546656621,1.0,0.0,1.0,0.0
51,small_appliances_home_oven_and_coffee,10,2018-08-18,-0.1829727034364813,0.0,-1.0,-0.0,-0.0
51,small_appliances_home_oven_and_coffee,11,2018-08-19,0.08347507758577165,0.0,0.0,1.0,0.0
51,small_appliances_home_oven_and_coffee,12,2018-08-20,0.10099928088691948,1.0,0.0,1.0,0.0
51,small_appliances_home_oven_and_coffee,13,2018-08-21,-0.07896594257766634,-2.0,-1.0,-0.0,-0.0
51,small_appliances_home_oven_and_coffee,14,2018-08-22,-0.0665023354925847,1.0,-1.0,-0.0,-0.0
51,small_appliances_home_oven_and_coffee,15,2018-08-23,0.06552852233254393,0.0,0.0,1.0,0.0
52,sports_leisure,1,2018-08-15,-2.1976176325199064,-1.0,-3.0,-2.0,-2.0
52,sports_leisure,2,2018-08-16,-0.6871550652245247,13.0,-1.0,-0.0,-1.0
52,sports_leisure,3,2018-08-17,-1.8292216559671708,-18.0,-2.0,-1.0,-2.0
52,sports_leisure,4,2018-08-18,-3.1667254874981894,-3.0,-4.0,-3.0,-3.0
52,sports_leisure,5,2018-08-19,0.5534710253089253,-4.0,0.0,1.0,1.0
52,sports_leisure,6,2018-08-20,5.811337845238038,4.0,5.0,6.0,6.0
52,sports_leisure,7,2018-08-21,0.11007945764845517,12.0,0.0,1.0,0.0
52,sports_leisure,8,2018-08-22,-0.8232842898260779,-17.0,-1.0,-0.0,-1.0
52,sports_leisure,9,2018-08-23,-0.512531477819286,4.0,-1.0,-0.0,-1.0
52,sports_leisure,10,2018-08-24,-1.7991422743091652,-8.0,-2.0,-1.0,-2.0
52,sports_leisure,11,2018-08-25,-3.1146524408918017,-4.0,-4.0,-3.0,-3.0
52,sports_leisure,12,2018-08-26,0.5443698504170763,4.0,0.0,1.0,1.0
52,sports_leisure,13,2018-08-27,5.7157772834984035,6.0,5.0,6.0,6.0
52,sports_leisure,14,2018-08-28,0.10826933146253734,-9.0,0.0,1.0,0.0
52,sports_leisure,15,2018-08-29,-0.8097463556528544,-2.0,-1.0,-0.0,-1.0
53,stationery,1,2018-08-13,5.962044319499163,5.0,5.0,6.0,6.0
53,stationery,2,2018-08-14,8.24318071775196,6.0,8.0,9.0,8.0
53,stationery,3,2018-08-15,6.225376680730786,14.0,6.0,7.0,6.0
53,stationery,4,2018-08-16,5.5772432043751845,6.0,5.0,6.0,6.0
53,stationery,5,2018-08-17,5.783947812977191,8.0,5.0,6.0,6.0
53,stationery,6,2018-08-18,5.3000467416409,3.0,5.0,6.0,5.0
53,stationery,7,2018-08-19,6.187033890401451,3.0,6.0,7.0,6.0
53,stationery,8,2018-08-20,6.0340634661536265,6.0,6.0,7.0,6.0
53,stationery,9,2018-08-21,6.448603259568074,6.0,6.0,7.0,6.0
53,stationery,10,2018-08-22,6.122436158320765,8.0,6.0,7.0,6.0
53,stationery,11,2018-08-23,6.029444075593408,4.0,6.0,7.0,6.0
53,stationery,12,2018-08-24,6.081411037467014,0.0,6.0,7.0,6.0
53,stationery,13,2018-08-25,6.013080725840163,2.0,6.0,7.0,6.0
53,stationery,14,2018-08-26,6.178708260565655,3.0,6.0,7.0,6.0
53,stationery,15,2018-08-27,6.16435823580726,1.0,6.0,7.0,6.0
54,tablets_printing_image,1,2018-05-26,0.06866566586557997,0.0,0.0,1.0,0.0
54,tablets_printing_image,2,2018-05-27,0.06866566586557997,0.0,0.0,1.0,0.0
54,tablets_printing_image,3,2018-05-28,0.06866566586557997,0.0,0.0,1.0,0.0
54,tablets_printing_image,4,2018-05-29,0.06866566586557997,0.0,0.0,1.0,0.0
54,tablets_printing_image,5,2018-05-30,0.06866566586557997,0.0,0.0,1.0,0.0
54,tablets_printing_image,6,2018-05-31,0.06866566586557997,0.0,0.0,1.0,0.0
54,tablets_printing_image,7,2018-06-01,0.06866566586557997,0.0,0.0,1.0,0.0
54,tablets_printing_image,8,2018-06-02,0.06866566586557997,0.0,0.0,1.0,0.0
54,tablets_printing_image,9,2018-06-03,0.06866566586557997,0.0,0.0,1.0,0.0
54,tablets_printing_image,10,2018-06-04,0.06866566586557997,0.0,0.0,1.0,0.0
54,tablets_printing_image,11,2018-06-05,0.06866566586557997,0.0,0.0,1.0,0.0
54,tablets_printing_image,12,2018-06-06,0.06866566586557997,0.0,0.0,1.0,0.0
54,tablets_printing_image,13,2018-06-07,0.06866566586557997,0.0,0.0,1.0,0.0
54,tablets_printing_image,14,2018-06-08,0.06866566586557997,0.0,0.0,1.0,0.0
54,tablets_printing_image,15,2018-06-09,0.06866566586557997,1.0,0.0,1.0,0.0
55,telephony,1,2018-08-14,14.52634076818575,12.0,14.0,15.0,15.0
55,telephony,2,2018-08-15,14.114821885471327,7.0,14.0,15.0,14.0
55,telephony,3,2018-08-16,12.874124992364298,11.0,12.0,13.0,13.0
55,telephony,4,2018-08-17,13.194168845859833,9.0,13.0,14.0,13.0
55,telephony,5,2018-08-18,12.880018297789748,5.0,12.0,13.0,13.0
55,telephony,6,2018-08-19,12.080286067622493,9.0,12.0,13.0,12.0
55,telephony,7,2018-08-20,13.427982485203808,5.0,13.0,14.0,13.0
55,telephony,8,2018-08-21,14.450367116967804,14.0,14.0,15.0,14.0
55,telephony,9,2018-08-22,13.894479913727485,5.0,13.0,14.0,14.0
55,telephony,10,2018-08-23,13.241509528076406,3.0,13.0,14.0,13.0
55,telephony,11,2018-08-24,13.393478003510591,3.0,13.0,14.0,13.0
55,telephony,12,2018-08-25,13.102635917552053,2.0,13.0,14.0,13.0
55,telephony,13,2018-08-26,12.578088170558857,3.0,12.0,13.0,13.0
55,telephony,14,2018-08-27,13.769860543872298,1.0,13.0,14.0,14.0
55,telephony,15,2018-08-28,14.337626946202178,2.0,14.0,15.0,14.0
56,toys,1,2018-08-15,5.385647843149321,8.0,5.0,6.0,5.0
56,toys,2,2018-08-16,5.878669937650481,4.0,5.0,6.0,6.0
56,toys,3,2018-08-17,5.27473775262504,7.0,5.0,6.0,5.0
56,toys,4,2018-08-18,5.468932382845242,7.0,5.0,6.0,5.0
56,toys,5,2018-08-19,5.272166884754602,5.0,5.0,6.0,5.0
56,toys,6,2018-08-20,5.861392579207058,10.0,5.0,6.0,6.0
56,toys,7,2018-08-21,5.861384705187749,8.0,5.0,6.0,6.0
56,toys,8,2018-08-22,5.544283085758495,5.0,5.0,6.0,6.0
56,toys,9,2018-08-23,5.641125164625158,3.0,5.0,6.0,6.0
56,toys,10,2018-08-24,5.522497271731119,3.0,5.0,6.0,6.0
56,toys,11,2018-08-25,5.5606421039063,3.0,5.0,6.0,6.0
56,toys,12,2018-08-26,5.521992282067423,0.0,5.0,6.0,6.0
56,toys,13,2018-08-27,5.63773141283798,4.0,5.0,6.0,6.0
56,toys,14,2018-08-28,5.637729866162475,0.0,5.0,6.0,6.0
56,toys,15,2018-08-29,5.575442925561184,1.0,5.0,6.0,6.0
57,watches_gifts,1,2018-08-15,20.14855765583623,22.0,20.0,21.0,20.0
57,watches_gifts,2,2018-08-16,18.171163201809343,27.0,18.0,19.0,18.0
57,watches_gifts,3,2018-08-17,19.06700307793918,7.0,19.0,20.0,19.0
57,watches_gifts,4,2018-08-18,18.34669271995858,14.0,18.0,19.0,18.0
57,watches_gifts,5,2018-08-19,18.544586242506565,4.0,18.0,19.0,19.0
57,watches_gifts,6,2018-08-20,19.15571431487668,12.0,19.0,20.0,19.0
57,watches_gifts,7,2018-08-21,18.860861706290663,13.0,18.0,19.0,19.0
57,watches_gifts,8,2018-08-22,18.751236844663627,12.0,18.0,19.0,19.0
57,watches_gifts,9,2018-08-23,18.03320750818054,9.0,18.0,19.0,18.0
57,watches_gifts,10,2018-08-24,18.1795119982056,11.0,18.0,19.0,18.0
57,watches_gifts,11,2018-08-25,18.383886496033224,3.0,18.0,19.0,18.0
57,watches_gifts,12,2018-08-26,17.573591363726845,2.0,17.0,18.0,18.0
57,watches_gifts,13,2018-08-27,18.391593063056973,3.0,18.0,19.0,18.0
57,watches_gifts,14,2018-08-28,18.86124485134015,1.0,18.0,19.0,19.0
57,watches_gifts,15,2018-08-29,18.53073120985917,2.0,18.0,19.0,19.0
